000666395,uuid:105f4c40-faf4-11e0-be50-0800200c9a66
000612507,uuid:2b2d5518-a5ff-4053-98c4-d812b0f4a165
000003579,uuid:31eb3ce0-feea-11e4-b939-0800200c9a66
000681797,uuid:5a03d779-bed8-11e1-a154-001b63bd97ba
000631513,uuid:12fa6296-6340-11df-b3e5-0050568253d9
000678226,uuid:42eb1a80-3e4f-11e4-916c-0800200c9a66
000653579,uuid:4e0849d0-7ff4-11e2-9e96-0800200c9a66
000649610,uuid:bb8d2ca0-abd4-43d5-8549-3c93667f69b8
000654111,uuid:e9f1588c-2c5a-4690-8039-422fb2cd69d9
000654303,uuid:ef9e0fc3-2d39-44f6-8550-a5f679a176ba
000654128,uuid:001ced00-8708-11e2-9e96-0800200c9a66
000051672,uuid:008d1630-3087-11e1-b86c-0800200c9a66
000006952,uuid:00931210-02b6-11e5-b939-0800200c9a66
000609658,uuid:0095bca0-614f-11e2-bcfd-0800200c9a66
000682483,uuid:00ac6580-375a-11e4-8510-0800200c9a66
000170553,uuid:00d50512-d56a-4053-a3f4-cca082a2293d
000653515,uuid:016d5e70-92bb-11e1-b0c4-0800200c9a66
000661270,uuid:018b2c90-7bea-11e5-a837-0800200c9a66
000121146,uuid:018cb344-3355-48f1-9820-9217c6f2cd59
000171926,uuid:01cf39cd-c5f9-43bc-9b67-8751cb87e771
000074880,uuid:01d1e320-b042-11e4-ab27-0800200c9a66
000239221,uuid:fc4d3050-7ad4-11e4-82f8-0800200c9a66
